trip_id,stop_id,arrival_time,stop_seq,notes
BREEZE_AEON_ICE_01_0700,THE_BREEZE,07:00,1,
BREEZE_AEON_ICE_01_0700,NAVAPARK_1,07:02,2,
BREEZE_AEON_ICE_01_0700,CBD_TIMUR_2,07:03,3,
BREEZE_AEON_ICE_01_0700,CBD_TIMUR_1,07:04,4,
BREEZE_AEON_ICE_01_0700,SML_PLAZA,07:06,5,
BREEZE_AEON_ICE_01_0700,GOP_1,07:07,6,
BREEZE_AEON_ICE_01_0700,CBD_BARAT_1,07:09,7,
BREEZE_AEON_ICE_01_0700,AEON_MALL_2,07:11,8,
BREEZE_AEON_ICE_01_0700,AEON_MALL_1,07:12,9,
BREEZE_AEON_ICE_01_0700,AEON_MALL_LOBBY,07:13,10,
BREEZE_AEON_ICE_01_0700,ICE_1,07:17,11,
BREEZE_AEON_ICE_01_0700,ICE_2,07:18,12,
BREEZE_AEON_ICE_02_0902,THE_BREEZE,09:02,1,
BREEZE_AEON_ICE_02_0902,NAVAPARK_1,09:04,2,
BREEZE_AEON_ICE_02_0902,CBD_TIMUR_2,09:05,3,
BREEZE_AEON_ICE_02_0902,CBD_TIMUR_1,09:06,4,
BREEZE_AEON_ICE_02_0902,SML_PLAZA,09:08,5,
BREEZE_AEON_ICE_02_0902,GOP_1,09:09,6,
BREEZE_AEON_ICE_02_0902,CBD_BARAT_1,09:11,7,
BREEZE_AEON_ICE_02_0902,AEON_MALL_2,09:13,8,
BREEZE_AEON_ICE_02_0902,AEON_MALL_1,09:14,9,
BREEZE_AEON_ICE_02_0902,AEON_MALL_LOBBY,09:15,10,
BREEZE_AEON_ICE_02_0902,ICE_1,09:19,11,
BREEZE_AEON_ICE_02_0902,ICE_2,09:20,12,
BREEZE_AEON_ICE_03_0909,THE_BREEZE,09:09,1,
BREEZE_AEON_ICE_03_0909,NAVAPARK_1,09:11,2,
BREEZE_AEON_ICE_03_0909,CBD_TIMUR_2,09:12,3,
BREEZE_AEON_ICE_03_0909,CBD_TIMUR_1,09:13,4,
BREEZE_AEON_ICE_03_0909,SML_PLAZA,09:15,5,
BREEZE_AEON_ICE_03_0909,GOP_1,09:16,6,
BREEZE_AEON_ICE_03_0909,CBD_BARAT_1,09:18,7,
BREEZE_AEON_ICE_03_0909,AEON_MALL_2,09:20,8,
BREEZE_AEON_ICE_03_0909,AEON_MALL_1,09:21,9,
BREEZE_AEON_ICE_03_0909,AEON_MALL_LOBBY,09:22,10,
BREEZE_AEON_ICE_03_0909,ICE_1,09:26,11,
BREEZE_AEON_ICE_03_0909,ICE_2,09:27,12,
BREEZE_AEON_ICE_04_0911,THE_BREEZE,09:11,1,
BREEZE_AEON_ICE_04_0911,NAVAPARK_1,09:13,2,
BREEZE_AEON_ICE_04_0911,CBD_TIMUR_2,09:14,3,
BREEZE_AEON_ICE_04_0911,CBD_TIMUR_1,09:15,4,
BREEZE_AEON_ICE_04_0911,SML_PLAZA,09:17,5,
BREEZE_AEON_ICE_04_0911,GOP_1,09:18,6,
BREEZE_AEON_ICE_04_0911,CBD_BARAT_1,09:20,7,
BREEZE_AEON_ICE_04_0911,AEON_MALL_2,09:22,8,
BREEZE_AEON_ICE_04_0911,AEON_MALL_1,09:23,9,
BREEZE_AEON_ICE_04_0911,AEON_MALL_LOBBY,09:24,10,
BREEZE_AEON_ICE_04_0911,ICE_1,09:28,11,
BREEZE_AEON_ICE_04_0911,ICE_2,09:29,12,
BREEZE_AEON_ICE_05_1000,THE_BREEZE,10:00,1,
BREEZE_AEON_ICE_05_1000,NAVAPARK_1,10:02,2,
BREEZE_AEON_ICE_05_1000,CBD_TIMUR_2,10:03,3,
BREEZE_AEON_ICE_05_1000,CBD_TIMUR_1,10:04,4,
BREEZE_AEON_ICE_05_1000,SML_PLAZA,10:06,5,
BREEZE_AEON_ICE_05_1000,GOP_1,10:07,6,
BREEZE_AEON_ICE_05_1000,CBD_BARAT_1,10:09,7,
BREEZE_AEON_ICE_05_1000,AEON_MALL_2,10:11,8,
BREEZE_AEON_ICE_05_1000,AEON_MALL_1,10:12,9,
BREEZE_AEON_ICE_05_1000,AEON_MALL_LOBBY,10:13,10,
BREEZE_AEON_ICE_05_1000,ICE_1,10:17,11,
BREEZE_AEON_ICE_05_1000,ICE_2,10:18,12,
BREEZE_AEON_ICE_06_1100,THE_BREEZE,11:00,1,
BREEZE_AEON_ICE_06_1100,NAVAPARK_1,11:02,2,
BREEZE_AEON_ICE_06_1100,CBD_TIMUR_2,11:03,3,
BREEZE_AEON_ICE_06_1100,CBD_TIMUR_1,11:04,4,
BREEZE_AEON_ICE_06_1100,SML_PLAZA,11:06,5,
BREEZE_AEON_ICE_06_1100,GOP_1,11:07,6,
BREEZE_AEON_ICE_06_1100,CBD_BARAT_1,11:09,7,
BREEZE_AEON_ICE_06_1100,AEON_MALL_2,11:11,8,
BREEZE_AEON_ICE_06_1100,AEON_MALL_1,11:12,9,
BREEZE_AEON_ICE_06_1100,AEON_MALL_LOBBY,11:13,10,
BREEZE_AEON_ICE_06_1100,ICE_1,11:17,11,
BREEZE_AEON_ICE_06_1100,ICE_2,11:18,12,
BREEZE_AEON_ICE_07_1230,THE_BREEZE,12:30,1,
BREEZE_AEON_ICE_07_1230,NAVAPARK_1,12:32,2,
BREEZE_AEON_ICE_07_1230,CBD_TIMUR_2,12:33,3,
BREEZE_AEON_ICE_07_1230,CBD_TIMUR_1,12:34,4,
BREEZE_AEON_ICE_07_1230,SML_PLAZA,12:36,5,
BREEZE_AEON_ICE_07_1230,GOP_1,12:37,6,
BREEZE_AEON_ICE_07_1230,CBD_BARAT_1,12:39,7,
BREEZE_AEON_ICE_07_1230,AEON_MALL_2,12:41,8,
BREEZE_AEON_ICE_07_1230,AEON_MALL_1,12:42,9,
BREEZE_AEON_ICE_07_1230,AEON_MALL_LOBBY,12:43,10,
BREEZE_AEON_ICE_07_1230,ICE_1,12:47,11,
BREEZE_AEON_ICE_07_1230,ICE_2,12:48,12,
BREEZE_AEON_ICE_08_1330,THE_BREEZE,13:30,1,
BREEZE_AEON_ICE_08_1330,NAVAPARK_1,13:32,2,
BREEZE_AEON_ICE_08_1330,CBD_TIMUR_2,13:33,3,
BREEZE_AEON_ICE_08_1330,CBD_TIMUR_1,13:34,4,
BREEZE_AEON_ICE_08_1330,SML_PLAZA,13:36,5,
BREEZE_AEON_ICE_08_1330,GOP_1,13:37,6,
BREEZE_AEON_ICE_08_1330,CBD_BARAT_1,13:39,7,
BREEZE_AEON_ICE_08_1330,AEON_MALL_2,13:41,8,
BREEZE_AEON_ICE_08_1330,AEON_MALL_1,13:42,9,
BREEZE_AEON_ICE_08_1330,AEON_MALL_LOBBY,13:43,10,
BREEZE_AEON_ICE_08_1330,ICE_1,13:47,11,
BREEZE_AEON_ICE_08_1330,ICE_2,13:48,12,
BREEZE_AEON_ICE_09_1430,THE_BREEZE,14:30,1,
BREEZE_AEON_ICE_09_1430,NAVAPARK_1,14:32,2,
BREEZE_AEON_ICE_09_1430,CBD_TIMUR_2,14:33,3,
BREEZE_AEON_ICE_09_1430,CBD_TIMUR_1,14:34,4,
BREEZE_AEON_ICE_09_1430,SML_PLAZA,14:36,5,
BREEZE_AEON_ICE_09_1430,GOP_1,14:37,6,
BREEZE_AEON_ICE_09_1430,CBD_BARAT_1,14:39,7,
BREEZE_AEON_ICE_09_1430,AEON_MALL_2,14:41,8,
BREEZE_AEON_ICE_09_1430,AEON_MALL_1,14:42,9,
BREEZE_AEON_ICE_09_1430,AEON_MALL_LOBBY,14:43,10,
BREEZE_AEON_ICE_09_1430,ICE_1,14:47,11,
BREEZE_AEON_ICE_09_1430,ICE_2,14:48,12,
BREEZE_AEON_ICE_10_1530,THE_BREEZE,15:30,1,
BREEZE_AEON_ICE_10_1530,NAVAPARK_1,15:32,2,
BREEZE_AEON_ICE_10_1530,CBD_TIMUR_2,15:33,3,
BREEZE_AEON_ICE_10_1530,CBD_TIMUR_1,15:34,4,
BREEZE_AEON_ICE_10_1530,SML_PLAZA,15:36,5,
BREEZE_AEON_ICE_10_1530,GOP_1,15:37,6,
BREEZE_AEON_ICE_10_1530,CBD_BARAT_1,15:39,7,
BREEZE_AEON_ICE_10_1530,AEON_MALL_2,15:41,8,
BREEZE_AEON_ICE_10_1530,AEON_MALL_1,15:42,9,
BREEZE_AEON_ICE_10_1530,AEON_MALL_LOBBY,15:43,10,
BREEZE_AEON_ICE_10_1530,ICE_1,15:47,11,
BREEZE_AEON_ICE_10_1530,ICE_2,15:48,12,
BREEZE_AEON_ICE_11_1630,THE_BREEZE,16:30,1,
BREEZE_AEON_ICE_11_1630,NAVAPARK_1,16:32,2,
BREEZE_AEON_ICE_11_1630,CBD_TIMUR_2,16:33,3,
BREEZE_AEON_ICE_11_1630,CBD_TIMUR_1,16:34,4,
BREEZE_AEON_ICE_11_1630,SML_PLAZA,16:36,5,
BREEZE_AEON_ICE_11_1630,GOP_1,16:37,6,
BREEZE_AEON_ICE_11_1630,CBD_BARAT_1,16:39,7,
BREEZE_AEON_ICE_11_1630,AEON_MALL_2,16:41,8,
BREEZE_AEON_ICE_11_1630,AEON_MALL_1,16:42,9,
BREEZE_AEON_ICE_11_1630,AEON_MALL_LOBBY,16:43,10,
BREEZE_AEON_ICE_11_1630,ICE_1,16:47,11,
BREEZE_AEON_ICE_11_1630,ICE_2,16:48,12,
BREEZE_AEON_ICE_12_1730,THE_BREEZE,17:30,1,
BREEZE_AEON_ICE_12_1730,NAVAPARK_1,17:32,2,
BREEZE_AEON_ICE_12_1730,CBD_TIMUR_2,17:33,3,
BREEZE_AEON_ICE_12_1730,CBD_TIMUR_1,17:34,4,
BREEZE_AEON_ICE_12_1730,SML_PLAZA,17:36,5,
BREEZE_AEON_ICE_12_1730,GOP_1,17:37,6,
BREEZE_AEON_ICE_12_1730,CBD_BARAT_1,17:39,7,
BREEZE_AEON_ICE_12_1730,AEON_MALL_2,17:41,8,
BREEZE_AEON_ICE_12_1730,AEON_MALL_1,17:42,9,
BREEZE_AEON_ICE_12_1730,AEON_MALL_LOBBY,17:43,10,
BREEZE_AEON_ICE_12_1730,ICE_1,17:47,11,
BREEZE_AEON_ICE_12_1730,ICE_2,17:48,12,
BREEZE_AEON_ICE_13_1830,THE_BREEZE,18:30,1,
BREEZE_AEON_ICE_13_1830,NAVAPARK_1,18:32,2,
BREEZE_AEON_ICE_13_1830,CBD_TIMUR_2,18:33,3,
BREEZE_AEON_ICE_13_1830,CBD_TIMUR_1,18:34,4,
BREEZE_AEON_ICE_13_1830,SML_PLAZA,18:36,5,
BREEZE_AEON_ICE_13_1830,GOP_1,18:37,6,
BREEZE_AEON_ICE_13_1830,CBD_BARAT_1,18:39,7,
BREEZE_AEON_ICE_13_1830,AEON_MALL_2,18:41,8,
BREEZE_AEON_ICE_13_1830,AEON_MALL_1,18:42,9,
BREEZE_AEON_ICE_13_1830,AEON_MALL_LOBBY,18:43,10,
BREEZE_AEON_ICE_13_1830,ICE_1,18:47,11,
BREEZE_AEON_ICE_13_1830,ICE_2,18:48,12,
BREEZE_AEON_ICE_14_1930,THE_BREEZE,19:30,1,
BREEZE_AEON_ICE_14_1930,NAVAPARK_1,19:32,2,
BREEZE_AEON_ICE_14_1930,CBD_TIMUR_2,19:33,3,
BREEZE_AEON_ICE_14_1930,CBD_TIMUR_1,19:34,4,
BREEZE_AEON_ICE_14_1930,SML_PLAZA,19:36,5,
BREEZE_AEON_ICE_14_1930,GOP_1,19:37,6,
BREEZE_AEON_ICE_14_1930,CBD_BARAT_1,19:39,7,
BREEZE_AEON_ICE_14_1930,AEON_MALL_2,19:41,8,
BREEZE_AEON_ICE_14_1930,AEON_MALL_1,19:42,9,
BREEZE_AEON_ICE_14_1930,AEON_MALL_LOBBY,19:43,10,
BREEZE_AEON_ICE_14_1930,ICE_1,19:47,11,
BREEZE_AEON_ICE_14_1930,ICE_2,19:48,12,
INT_SEKT13_01_0600,PASAR_MODERN,06:00,1,
INT_SEKT13_01_0600,SIMPLICITY_1,06:03,2,
INT_SEKT13_01_0600,ICON,06:07,3,
INT_SEKT13_01_0600,CBD_TIMUR_1,06:09,4,
INT_SEKT13_01_0600,NAVAPARK_1,06:11,5,
INT_SEKT13_01_0600,THE_BREEZE,06:14,6,
INT_SEKT13_01_0600,HALTE_SEKTOR_1_3,06:18,7,
INT_SEKT13_01_0600,GREEN_COVE,06:19,8,
INT_SEKT13_01_0600,EKA_HOSPITAL_1,06:21,9,
INT_SEKT13_01_0600,EKA_HOSPITAL_2,06:22,10,
INT_SEKT13_01_0600,ICE_1,06:27,11,
INT_SEKT13_01_0600,ICE_2,06:28,12,
INT_SEKT13_02_0630,PASAR_MODERN,06:30,1,
INT_SEKT13_02_0630,SIMPLICITY_1,06:33,2,
INT_SEKT13_02_0630,ICON,06:37,3,
INT_SEKT13_02_0630,CBD_TIMUR_1,06:39,4,
INT_SEKT13_02_0630,NAVAPARK_1,06:41,5,
INT_SEKT13_02_0630,THE_BREEZE,06:44,6,
INT_SEKT13_02_0630,HALTE_SEKTOR_1_3,06:48,7,
INT_SEKT13_02_0630,GREEN_COVE,06:49,8,
INT_SEKT13_02_0630,EKA_HOSPITAL_1,06:51,9,
INT_SEKT13_02_0630,EKA_HOSPITAL_2,06:52,10,
INT_SEKT13_02_0630,ICE_1,06:57,11,
INT_SEKT13_02_0630,ICE_2,06:58,12,
INT_SEKT13_03_0810,PASAR_MODERN,08:10,1,
INT_SEKT13_03_0810,SIMPLICITY_1,08:13,2,
INT_SEKT13_03_0810,ICON,08:17,3,
INT_SEKT13_03_0810,CBD_TIMUR_1,08:19,4,
INT_SEKT13_03_0810,NAVAPARK_1,08:21,5,
INT_SEKT13_03_0810,THE_BREEZE,08:24,6,
INT_SEKT13_03_0810,HALTE_SEKTOR_1_3,08:28,7,
INT_SEKT13_03_0810,GREEN_COVE,08:29,8,
INT_SEKT13_03_0810,EKA_HOSPITAL_1,08:31,9,
INT_SEKT13_03_0810,EKA_HOSPITAL_2,08:32,10,
INT_SEKT13_03_0810,ICE_1,08:37,11,
INT_SEKT13_03_0810,ICE_2,08:38,12,
INT_SEKT13_04_0850,PASAR_MODERN,08:50,1,
INT_SEKT13_04_0850,SIMPLICITY_1,08:53,2,
INT_SEKT13_04_0850,ICON,08:57,3,
INT_SEKT13_04_0850,CBD_TIMUR_1,08:59,4,
INT_SEKT13_04_0850,NAVAPARK_1,09:01,5,
INT_SEKT13_04_0850,THE_BREEZE,09:04,6,
INT_SEKT13_04_0850,HALTE_SEKTOR_1_3,09:08,7,
INT_SEKT13_04_0850,GREEN_COVE,09:09,8,
INT_SEKT13_04_0850,EKA_HOSPITAL_1,09:11,9,
INT_SEKT13_04_0850,EKA_HOSPITAL_2,09:12,10,
INT_SEKT13_04_0850,ICE_1,09:17,11,
INT_SEKT13_04_0850,ICE_2,09:18,12,
INT_SEKT13_05_1025,PASAR_MODERN,10:25,1,
INT_SEKT13_05_1025,SIMPLICITY_1,10:28,2,
INT_SEKT13_05_1025,ICON,10:32,3,
INT_SEKT13_05_1025,CBD_TIMUR_1,10:34,4,
INT_SEKT13_05_1025,NAVAPARK_1,10:36,5,
INT_SEKT13_05_1025,THE_BREEZE,10:39,6,
INT_SEKT13_05_1025,HALTE_SEKTOR_1_3,10:43,7,
INT_SEKT13_05_1025,GREEN_COVE,10:44,8,
INT_SEKT13_05_1025,EKA_HOSPITAL_1,10:46,9,
INT_SEKT13_05_1025,EKA_HOSPITAL_2,10:47,10,
INT_SEKT13_05_1025,ICE_1,10:52,11,
INT_SEKT13_05_1025,ICE_2,10:53,12,
INT_SEKT13_06_1225,PASAR_MODERN,12:25,1,
INT_SEKT13_06_1225,SIMPLICITY_1,12:28,2,
INT_SEKT13_06_1225,ICON,12:32,3,
INT_SEKT13_06_1225,CBD_TIMUR_1,12:34,4,
INT_SEKT13_06_1225,NAVAPARK_1,12:36,5,
INT_SEKT13_06_1225,THE_BREEZE,12:39,6,
INT_SEKT13_06_1225,HALTE_SEKTOR_1_3,12:43,7,
INT_SEKT13_06_1225,GREEN_COVE,12:44,8,
INT_SEKT13_06_1225,EKA_HOSPITAL_1,12:46,9,
INT_SEKT13_06_1225,EKA_HOSPITAL_2,12:47,10,
INT_SEKT13_06_1225,ICE_1,12:52,11,
INT_SEKT13_06_1225,ICE_2,12:53,12,
INT_SEKT13_07_1325,PASAR_MODERN,13:25,1,
INT_SEKT13_07_1325,SIMPLICITY_1,13:28,2,
INT_SEKT13_07_1325,ICON,13:32,3,
INT_SEKT13_07_1325,CBD_TIMUR_1,13:34,4,
INT_SEKT13_07_1325,NAVAPARK_1,13:36,5,
INT_SEKT13_07_1325,THE_BREEZE,13:39,6,
INT_SEKT13_07_1325,HALTE_SEKTOR_1_3,13:43,7,
INT_SEKT13_07_1325,GREEN_COVE,13:44,8,
INT_SEKT13_07_1325,EKA_HOSPITAL_1,13:46,9,
INT_SEKT13_07_1325,EKA_HOSPITAL_2,13:47,10,
INT_SEKT13_07_1325,ICE_1,13:52,11,
INT_SEKT13_07_1325,ICE_2,13:53,12,
INT_SEKT13_08_1415,PASAR_MODERN,14:15,1,
INT_SEKT13_08_1415,SIMPLICITY_1,14:18,2,
INT_SEKT13_08_1415,ICON,14:22,3,
INT_SEKT13_08_1415,CBD_TIMUR_1,14:24,4,
INT_SEKT13_08_1415,NAVAPARK_1,14:26,5,
INT_SEKT13_08_1415,THE_BREEZE,14:29,6,
INT_SEKT13_08_1415,HALTE_SEKTOR_1_3,14:33,7,
INT_SEKT13_08_1415,GREEN_COVE,14:34,8,
INT_SEKT13_08_1415,EKA_HOSPITAL_1,14:36,9,
INT_SEKT13_08_1415,EKA_HOSPITAL_2,14:37,10,
INT_SEKT13_08_1415,ICE_1,14:42,11,
INT_SEKT13_08_1415,ICE_2,14:43,12,
INT_SEKT13_09_1520,PASAR_MODERN,15:20,1,
INT_SEKT13_09_1520,SIMPLICITY_1,15:23,2,
INT_SEKT13_09_1520,ICON,15:27,3,
INT_SEKT13_09_1520,CBD_TIMUR_1,15:29,4,
INT_SEKT13_09_1520,NAVAPARK_1,15:31,5,
INT_SEKT13_09_1520,THE_BREEZE,15:34,6,
INT_SEKT13_09_1520,HALTE_SEKTOR_1_3,15:38,7,
INT_SEKT13_09_1520,GREEN_COVE,15:39,8,
INT_SEKT13_09_1520,EKA_HOSPITAL_1,15:41,9,
INT_SEKT13_09_1520,EKA_HOSPITAL_2,15:42,10,
INT_SEKT13_09_1520,ICE_1,15:47,11,
INT_SEKT13_09_1520,ICE_2,15:48,12,
INT_SEKT13_10_1650,PASAR_MODERN,16:50,1,
INT_SEKT13_10_1650,SIMPLICITY_1,16:53,2,
INT_SEKT13_10_1650,ICON,16:57,3,
INT_SEKT13_10_1650,CBD_TIMUR_1,16:59,4,
INT_SEKT13_10_1650,NAVAPARK_1,17:01,5,
INT_SEKT13_10_1650,THE_BREEZE,17:04,6,
INT_SEKT13_10_1650,HALTE_SEKTOR_1_3,17:08,7,
INT_SEKT13_10_1650,GREEN_COVE,17:09,8,
INT_SEKT13_10_1650,EKA_HOSPITAL_1,17:11,9,
INT_SEKT13_10_1650,EKA_HOSPITAL_2,17:12,10,
INT_SEKT13_10_1650,ICE_1,17:17,11,
INT_SEKT13_10_1650,ICE_2,17:18,12,
INT_SEKT13_11_1720,PASAR_MODERN,17:20,1,
INT_SEKT13_11_1720,SIMPLICITY_1,17:23,2,
INT_SEKT13_11_1720,ICON,17:27,3,
INT_SEKT13_11_1720,CBD_TIMUR_1,17:29,4,
INT_SEKT13_11_1720,NAVAPARK_1,17:31,5,
INT_SEKT13_11_1720,THE_BREEZE,17:34,6,
INT_SEKT13_11_1720,HALTE_SEKTOR_1_3,17:38,7,
INT_SEKT13_11_1720,GREEN_COVE,17:39,8,
INT_SEKT13_11_1720,EKA_HOSPITAL_1,17:41,9,
INT_SEKT13_11_1720,EKA_HOSPITAL_2,17:42,10,
INT_SEKT13_11_1720,ICE_1,17:47,11,
INT_SEKT13_11_1720,ICE_2,17:48,12,
INT_SEKT13_12_1845,PASAR_MODERN,18:45,1,
INT_SEKT13_12_1845,SIMPLICITY_1,18:48,2,
INT_SEKT13_12_1845,ICON,18:52,3,
INT_SEKT13_12_1845,CBD_TIMUR_1,18:54,4,
INT_SEKT13_12_1845,NAVAPARK_1,18:56,5,
INT_SEKT13_12_1845,THE_BREEZE,18:59,6,
INT_SEKT13_12_1845,HALTE_SEKTOR_1_3,19:03,7,
INT_SEKT13_12_1845,GREEN_COVE,19:04,8,
INT_SEKT13_12_1845,EKA_HOSPITAL_1,19:06,9,
INT_SEKT13_12_1845,EKA_HOSPITAL_2,19:07,10,
INT_SEKT13_12_1845,ICE_1,19:12,11,
INT_SEKT13_12_1845,ICE_2,19:13,12,
INT_SEKT13_13_1915,PASAR_MODERN,19:15,1,
INT_SEKT13_13_1915,SIMPLICITY_1,19:18,2,
INT_SEKT13_13_1915,ICON,19:22,3,
INT_SEKT13_13_1915,CBD_TIMUR_1,19:24,4,
INT_SEKT13_13_1915,NAVAPARK_1,19:26,5,
INT_SEKT13_13_1915,THE_BREEZE,19:29,6,
INT_SEKT13_13_1915,HALTE_SEKTOR_1_3,19:33,7,
INT_SEKT13_13_1915,GREEN_COVE,19:34,8,
INT_SEKT13_13_1915,EKA_HOSPITAL_1,19:36,9,
INT_SEKT13_13_1915,EKA_HOSPITAL_2,19:37,10,
INT_SEKT13_13_1915,ICE_1,19:42,11,
INT_SEKT13_13_1915,ICE_2,19:43,12,
SEKT13_INT_01_0700,HALTE_SEKTOR_1_3,07:00,1,
SEKT13_INT_01_0700,GREEN_COVE,07:01,2,
SEKT13_INT_01_0700,THE_BREEZE,07:04,3,
SEKT13_INT_01_0700,NAVAPARK_1,07:06,4,
SEKT13_INT_01_0700,CBD_TIMUR_2,07:08,5,
SEKT13_INT_01_0700,AEON_MALL_1,07:10,6,
SEKT13_INT_01_0700,AEON_MALL_2,07:11,7,
SEKT13_INT_01_0700,CBD_BARAT_1,07:13,8,
SEKT13_INT_01_0700,SIMPLICITY_1,07:16,9,
SEKT13_INT_01_0700,ICON,07:20,10,
SEKT13_INT_01_0700,PASAR_MODERN,07:22,11,
SEKT13_INT_02_0740,HALTE_SEKTOR_1_3,07:40,1,
SEKT13_INT_02_0740,GREEN_COVE,07:41,2,
SEKT13_INT_02_0740,THE_BREEZE,07:44,3,
SEKT13_INT_02_0740,NAVAPARK_1,07:46,4,
SEKT13_INT_02_0740,CBD_TIMUR_2,07:48,5,
SEKT13_INT_02_0740,AEON_MALL_1,07:50,6,
SEKT13_INT_02_0740,AEON_MALL_2,07:51,7,
SEKT13_INT_02_0740,CBD_BARAT_1,07:53,8,
SEKT13_INT_02_0740,SIMPLICITY_1,07:56,9,
SEKT13_INT_02_0740,ICON,08:00,10,
SEKT13_INT_02_0740,PASAR_MODERN,08:02,11,
SEKT13_INT_03_0920,HALTE_SEKTOR_1_3,09:20,1,
SEKT13_INT_03_0920,GREEN_COVE,09:21,2,
SEKT13_INT_03_0920,THE_BREEZE,09:24,3,
SEKT13_INT_03_0920,NAVAPARK_1,09:26,4,
SEKT13_INT_03_0920,CBD_TIMUR_2,09:28,5,
SEKT13_INT_03_0920,AEON_MALL_1,09:30,6,
SEKT13_INT_03_0920,AEON_MALL_2,09:31,7,
SEKT13_INT_03_0920,CBD_BARAT_1,09:33,8,
SEKT13_INT_03_0920,SIMPLICITY_1,09:36,9,
SEKT13_INT_03_0920,ICON,09:40,10,
SEKT13_INT_03_0920,PASAR_MODERN,09:42,11,
SEKT13_INT_04_0950,HALTE_SEKTOR_1_3,09:50,1,
SEKT13_INT_04_0950,GREEN_COVE,09:51,2,
SEKT13_INT_04_0950,THE_BREEZE,09:54,3,
SEKT13_INT_04_0950,NAVAPARK_1,09:56,4,
SEKT13_INT_04_0950,CBD_TIMUR_2,09:58,5,
SEKT13_INT_04_0950,AEON_MALL_1,10:00,6,
SEKT13_INT_04_0950,AEON_MALL_2,10:01,7,
SEKT13_INT_04_0950,CBD_BARAT_1,10:03,8,
SEKT13_INT_04_0950,SIMPLICITY_1,10:06,9,
SEKT13_INT_04_0950,ICON,10:10,10,
SEKT13_INT_04_0950,PASAR_MODERN,10:12,11,
SEKT13_INT_05_1125,HALTE_SEKTOR_1_3,11:25,1,
SEKT13_INT_05_1125,GREEN_COVE,11:26,2,
SEKT13_INT_05_1125,THE_BREEZE,11:29,3,
SEKT13_INT_05_1125,NAVAPARK_1,11:31,4,
SEKT13_INT_05_1125,CBD_TIMUR_2,11:33,5,
SEKT13_INT_05_1125,AEON_MALL_1,11:35,6,
SEKT13_INT_05_1125,AEON_MALL_2,11:36,7,
SEKT13_INT_05_1125,CBD_BARAT_1,11:38,8,
SEKT13_INT_05_1125,SIMPLICITY_1,11:41,9,
SEKT13_INT_05_1125,ICON,11:45,10,
SEKT13_INT_05_1125,PASAR_MODERN,11:47,11,
SEKT13_INT_06_1225,HALTE_SEKTOR_1_3,12:25,1,
SEKT13_INT_06_1225,GREEN_COVE,12:26,2,
SEKT13_INT_06_1225,THE_BREEZE,12:29,3,
SEKT13_INT_06_1225,NAVAPARK_1,12:31,4,
SEKT13_INT_06_1225,CBD_TIMUR_2,12:33,5,
SEKT13_INT_06_1225,AEON_MALL_1,12:35,6,
SEKT13_INT_06_1225,AEON_MALL_2,12:36,7,
SEKT13_INT_06_1225,CBD_BARAT_1,12:38,8,
SEKT13_INT_06_1225,SIMPLICITY_1,12:41,9,
SEKT13_INT_06_1225,ICON,12:45,10,
SEKT13_INT_06_1225,PASAR_MODERN,12:47,11,
SEKT13_INT_07_1345,HALTE_SEKTOR_1_3,13:45,1,
SEKT13_INT_07_1345,GREEN_COVE,13:46,2,
SEKT13_INT_07_1345,THE_BREEZE,13:49,3,
SEKT13_INT_07_1345,NAVAPARK_1,13:51,4,
SEKT13_INT_07_1345,CBD_TIMUR_2,13:53,5,
SEKT13_INT_07_1345,AEON_MALL_1,13:55,6,
SEKT13_INT_07_1345,AEON_MALL_2,13:56,7,
SEKT13_INT_07_1345,CBD_BARAT_1,13:58,8,
SEKT13_INT_07_1345,SIMPLICITY_1,14:01,9,
SEKT13_INT_07_1345,ICON,14:05,10,
SEKT13_INT_07_1345,PASAR_MODERN,14:07,11,
SEKT13_INT_08_1435,HALTE_SEKTOR_1_3,14:35,1,
SEKT13_INT_08_1435,GREEN_COVE,14:36,2,
SEKT13_INT_08_1435,THE_BREEZE,14:39,3,
SEKT13_INT_08_1435,NAVAPARK_1,14:41,4,
SEKT13_INT_08_1435,CBD_TIMUR_2,14:43,5,
SEKT13_INT_08_1435,AEON_MALL_1,14:45,6,
SEKT13_INT_08_1435,AEON_MALL_2,14:46,7,
SEKT13_INT_08_1435,CBD_BARAT_1,14:48,8,
SEKT13_INT_08_1435,SIMPLICITY_1,14:51,9,
SEKT13_INT_08_1435,ICON,14:55,10,
SEKT13_INT_08_1435,PASAR_MODERN,14:57,11,
SEKT13_INT_09_1515,HALTE_SEKTOR_1_3,15:15,1,
SEKT13_INT_09_1515,GREEN_COVE,15:16,2,
SEKT13_INT_09_1515,THE_BREEZE,15:19,3,
SEKT13_INT_09_1515,NAVAPARK_1,15:21,4,
SEKT13_INT_09_1515,CBD_TIMUR_2,15:23,5,
SEKT13_INT_09_1515,AEON_MALL_1,15:25,6,
SEKT13_INT_09_1515,AEON_MALL_2,15:26,7,
SEKT13_INT_09_1515,CBD_BARAT_1,15:28,8,
SEKT13_INT_09_1515,SIMPLICITY_1,15:31,9,
SEKT13_INT_09_1515,ICON,15:35,10,
SEKT13_INT_09_1515,PASAR_MODERN,15:37,11,
SEKT13_INT_10_1645,HALTE_SEKTOR_1_3,16:45,1,
SEKT13_INT_10_1645,GREEN_COVE,16:46,2,
SEKT13_INT_10_1645,THE_BREEZE,16:49,3,
SEKT13_INT_10_1645,NAVAPARK_1,16:51,4,
SEKT13_INT_10_1645,CBD_TIMUR_2,16:53,5,
SEKT13_INT_10_1645,AEON_MALL_1,16:55,6,
SEKT13_INT_10_1645,AEON_MALL_2,16:56,7,
SEKT13_INT_10_1645,CBD_BARAT_1,16:58,8,
SEKT13_INT_10_1645,SIMPLICITY_1,17:01,9,
SEKT13_INT_10_1645,ICON,17:05,10,
SEKT13_INT_10_1645,PASAR_MODERN,17:07,11,
SEKT13_INT_11_1750,HALTE_SEKTOR_1_3,17:50,1,
SEKT13_INT_11_1750,GREEN_COVE,17:51,2,
SEKT13_INT_11_1750,THE_BREEZE,17:54,3,
SEKT13_INT_11_1750,NAVAPARK_1,17:56,4,
SEKT13_INT_11_1750,CBD_TIMUR_2,17:58,5,
SEKT13_INT_11_1750,AEON_MALL_1,18:00,6,
SEKT13_INT_11_1750,AEON_MALL_2,18:01,7,
SEKT13_INT_11_1750,CBD_BARAT_1,18:03,8,
SEKT13_INT_11_1750,SIMPLICITY_1,18:06,9,
SEKT13_INT_11_1750,ICON,18:10,10,
SEKT13_INT_11_1750,PASAR_MODERN,18:12,11,
SEKT13_INT_12_1830,HALTE_SEKTOR_1_3,18:30,1,
SEKT13_INT_12_1830,GREEN_COVE,18:31,2,
SEKT13_INT_12_1830,THE_BREEZE,18:34,3,
SEKT13_INT_12_1830,NAVAPARK_1,18:36,4,
SEKT13_INT_12_1830,CBD_TIMUR_2,18:38,5,
SEKT13_INT_12_1830,AEON_MALL_1,18:40,6,
SEKT13_INT_12_1830,AEON_MALL_2,18:41,7,
SEKT13_INT_12_1830,CBD_BARAT_1,18:43,8,
SEKT13_INT_12_1830,SIMPLICITY_1,18:46,9,
SEKT13_INT_12_1830,ICON,18:50,10,
SEKT13_INT_12_1830,PASAR_MODERN,18:52,11,
SEKT13_INT_13_1945,HALTE_SEKTOR_1_3,19:45,1,
SEKT13_INT_13_1945,GREEN_COVE,19:46,2,
SEKT13_INT_13_1945,THE_BREEZE,19:49,3,
SEKT13_INT_13_1945,NAVAPARK_1,19:51,4,
SEKT13_INT_13_1945,CBD_TIMUR_2,19:53,5,
SEKT13_INT_13_1945,AEON_MALL_1,19:55,6,
SEKT13_INT_13_1945,AEON_MALL_2,19:56,7,
SEKT13_INT_13_1945,CBD_BARAT_1,19:58,8,
SEKT13_INT_13_1945,SIMPLICITY_1,20:01,9,
SEKT13_INT_13_1945,ICON,20:05,10,
SEKT13_INT_13_1945,PASAR_MODERN,20:07,11,
GRN_SEKT13_01_0600,GREENWICH_PARK,06:00,1,
GRN_SEKT13_01_0600,JATERE,06:01,2,
GRN_SEKT13_01_0600,DE_MAJA,06:03,3,
GRN_SEKT13_01_0600,DE_NARA,06:04,4,
GRN_SEKT13_01_0600,DE_PARK_2,06:07,5,
GRN_SEKT13_01_0600,NAVAPARK_1,06:11,6,
GRN_SEKT13_01_0600,FORRESTA_2,06:13,7,
GRN_SEKT13_01_0600,THE_BREEZE,06:16,8,
GRN_SEKT13_01_0600,CBD_TIMUR_1,06:18,9,
GRN_SEKT13_01_0600,HALTE_SEKTOR_1_3,06:22,10,
GRN_SEKT13_02_0630,GREENWICH_PARK,06:30,1,
GRN_SEKT13_02_0630,JATERE,06:31,2,
GRN_SEKT13_02_0630,DE_MAJA,06:33,3,
GRN_SEKT13_02_0630,DE_NARA,06:34,4,
GRN_SEKT13_02_0630,DE_PARK_2,06:37,5,
GRN_SEKT13_02_0630,NAVAPARK_1,06:41,6,
GRN_SEKT13_02_0630,FORRESTA_2,06:43,7,
GRN_SEKT13_02_0630,THE_BREEZE,06:46,8,
GRN_SEKT13_02_0630,CBD_TIMUR_1,06:48,9,
GRN_SEKT13_02_0630,HALTE_SEKTOR_1_3,06:52,10,
GRN_SEKT13_03_0810,GREENWICH_PARK,08:10,1,
GRN_SEKT13_03_0810,JATERE,08:11,2,
GRN_SEKT13_03_0810,DE_MAJA,08:13,3,
GRN_SEKT13_03_0810,DE_NARA,08:14,4,
GRN_SEKT13_03_0810,DE_PARK_2,08:17,5,
GRN_SEKT13_03_0810,NAVAPARK_1,08:21,6,
GRN_SEKT13_03_0810,FORRESTA_2,08:23,7,
GRN_SEKT13_03_0810,THE_BREEZE,08:26,8,
GRN_SEKT13_03_0810,CBD_TIMUR_1,08:28,9,
GRN_SEKT13_03_0810,HALTE_SEKTOR_1_3,08:32,10,
GRN_SEKT13_04_0840,GREENWICH_PARK,08:40,1,
GRN_SEKT13_04_0840,JATERE,08:41,2,
GRN_SEKT13_04_0840,DE_MAJA,08:43,3,
GRN_SEKT13_04_0840,DE_NARA,08:44,4,
GRN_SEKT13_04_0840,DE_PARK_2,08:47,5,
GRN_SEKT13_04_0840,NAVAPARK_1,08:51,6,
GRN_SEKT13_04_0840,FORRESTA_2,08:53,7,
GRN_SEKT13_04_0840,THE_BREEZE,08:56,8,
GRN_SEKT13_04_0840,CBD_TIMUR_1,08:58,9,
GRN_SEKT13_04_0840,HALTE_SEKTOR_1_3,09:02,10,
GRN_SEKT13_05_1015,GREENWICH_PARK,10:15,1,
GRN_SEKT13_05_1015,JATERE,10:16,2,
GRN_SEKT13_05_1015,DE_MAJA,10:18,3,
GRN_SEKT13_05_1015,DE_NARA,10:19,4,
GRN_SEKT13_05_1015,DE_PARK_2,10:22,5,
GRN_SEKT13_05_1015,NAVAPARK_1,10:26,6,
GRN_SEKT13_05_1015,FORRESTA_2,10:28,7,
GRN_SEKT13_05_1015,THE_BREEZE,10:31,8,
GRN_SEKT13_05_1015,CBD_TIMUR_1,10:33,9,
GRN_SEKT13_05_1015,HALTE_SEKTOR_1_3,10:37,10,
GRN_SEKT13_06_1045,GREENWICH_PARK,10:45,1,
GRN_SEKT13_06_1045,JATERE,10:46,2,
GRN_SEKT13_06_1045,DE_MAJA,10:48,3,
GRN_SEKT13_06_1045,DE_NARA,10:49,4,
GRN_SEKT13_06_1045,DE_PARK_2,10:52,5,
GRN_SEKT13_06_1045,NAVAPARK_1,10:56,6,
GRN_SEKT13_06_1045,FORRESTA_2,10:58,7,
GRN_SEKT13_06_1045,THE_BREEZE,11:01,8,
GRN_SEKT13_06_1045,CBD_TIMUR_1,11:03,9,
GRN_SEKT13_06_1045,HALTE_SEKTOR_1_3,11:07,10,
GRN_SEKT13_07_1225,GREENWICH_PARK,12:25,1,
GRN_SEKT13_07_1225,JATERE,12:26,2,
GRN_SEKT13_07_1225,DE_MAJA,12:28,3,
GRN_SEKT13_07_1225,DE_NARA,12:29,4,
GRN_SEKT13_07_1225,DE_PARK_2,12:32,5,
GRN_SEKT13_07_1225,NAVAPARK_1,12:36,6,
GRN_SEKT13_07_1225,FORRESTA_2,12:38,7,
GRN_SEKT13_07_1225,THE_BREEZE,12:41,8,
GRN_SEKT13_07_1225,CBD_TIMUR_1,12:43,9,
GRN_SEKT13_07_1225,HALTE_SEKTOR_1_3,12:47,10,
GRN_SEKT13_08_1245,GREENWICH_PARK,12:45,1,
GRN_SEKT13_08_1245,JATERE,12:46,2,
GRN_SEKT13_08_1245,DE_MAJA,12:48,3,
GRN_SEKT13_08_1245,DE_NARA,12:49,4,
GRN_SEKT13_08_1245,DE_PARK_2,12:52,5,
GRN_SEKT13_08_1245,NAVAPARK_1,12:56,6,
GRN_SEKT13_08_1245,FORRESTA_2,12:58,7,
GRN_SEKT13_08_1245,THE_BREEZE,13:01,8,
GRN_SEKT13_08_1245,CBD_TIMUR_1,13:03,9,
GRN_SEKT13_08_1245,HALTE_SEKTOR_1_3,13:07,10,
GRN_SEKT13_09_1455,GREENWICH_PARK,14:55,1,
GRN_SEKT13_09_1455,JATERE,14:56,2,
GRN_SEKT13_09_1455,DE_MAJA,14:58,3,
GRN_SEKT13_09_1455,DE_NARA,14:59,4,
GRN_SEKT13_09_1455,DE_PARK_2,15:02,5,
GRN_SEKT13_09_1455,NAVAPARK_1,15:06,6,
GRN_SEKT13_09_1455,FORRESTA_2,15:08,7,
GRN_SEKT13_09_1455,THE_BREEZE,15:11,8,
GRN_SEKT13_09_1455,CBD_TIMUR_1,15:13,9,
GRN_SEKT13_09_1455,HALTE_SEKTOR_1_3,15:17,10,
GRN_SEKT13_10_1620,GREENWICH_PARK,16:20,1,
GRN_SEKT13_10_1620,JATERE,16:21,2,
GRN_SEKT13_10_1620,DE_MAJA,16:23,3,
GRN_SEKT13_10_1620,DE_NARA,16:24,4,
GRN_SEKT13_10_1620,DE_PARK_2,16:27,5,
GRN_SEKT13_10_1620,NAVAPARK_1,16:31,6,
GRN_SEKT13_10_1620,FORRESTA_2,16:33,7,
GRN_SEKT13_10_1620,THE_BREEZE,16:36,8,
GRN_SEKT13_10_1620,CBD_TIMUR_1,16:38,9,
GRN_SEKT13_10_1620,HALTE_SEKTOR_1_3,16:42,10,
GRN_SEKT13_11_1700,GREENWICH_PARK,17:00,1,
GRN_SEKT13_11_1700,JATERE,17:01,2,
GRN_SEKT13_11_1700,DE_MAJA,17:03,3,
GRN_SEKT13_11_1700,DE_NARA,17:04,4,
GRN_SEKT13_11_1700,DE_PARK_2,17:07,5,
GRN_SEKT13_11_1700,NAVAPARK_1,17:11,6,
GRN_SEKT13_11_1700,FORRESTA_2,17:13,7,
GRN_SEKT13_11_1700,THE_BREEZE,17:16,8,
GRN_SEKT13_11_1700,CBD_TIMUR_1,17:18,9,
GRN_SEKT13_11_1700,HALTE_SEKTOR_1_3,17:22,10,
GRN_SEKT13_12_1835,GREENWICH_PARK,18:35,1,
GRN_SEKT13_12_1835,JATERE,18:36,2,
GRN_SEKT13_12_1835,DE_MAJA,18:38,3,
GRN_SEKT13_12_1835,DE_NARA,18:39,4,
GRN_SEKT13_12_1835,DE_PARK_2,18:42,5,
GRN_SEKT13_12_1835,NAVAPARK_1,18:46,6,
GRN_SEKT13_12_1835,FORRESTA_2,18:48,7,
GRN_SEKT13_12_1835,THE_BREEZE,18:51,8,
GRN_SEKT13_12_1835,CBD_TIMUR_1,18:53,9,
GRN_SEKT13_12_1835,HALTE_SEKTOR_1_3,18:57,10,
GRN_SEKT13_13_1905,GREENWICH_PARK,19:05,1,
GRN_SEKT13_13_1905,JATERE,19:06,2,
GRN_SEKT13_13_1905,DE_MAJA,19:08,3,
GRN_SEKT13_13_1905,DE_NARA,19:09,4,
GRN_SEKT13_13_1905,DE_PARK_2,19:12,5,
GRN_SEKT13_13_1905,NAVAPARK_1,19:16,6,
GRN_SEKT13_13_1905,FORRESTA_2,19:18,7,
GRN_SEKT13_13_1905,THE_BREEZE,19:21,8,
GRN_SEKT13_13_1905,CBD_TIMUR_1,19:23,9,
GRN_SEKT13_13_1905,HALTE_SEKTOR_1_3,19:27,10,
SEKT13_GRN_01_0705,HALTE_SEKTOR_1_3,07:05,1,
SEKT13_GRN_01_0705,GREEN_COVE,07:06,2,
SEKT13_GRN_01_0705,THE_BREEZE,07:09,3,
SEKT13_GRN_01_0705,CBD_TIMUR_2,07:11,4,
SEKT13_GRN_01_0705,NAVAPARK_1,07:13,5,
SEKT13_GRN_01_0705,FORRESTA_2,07:14,6,
SEKT13_GRN_01_0705,FBL_2,07:16,7,
SEKT13_GRN_01_0705,BCA,07:17,8,
SEKT13_GRN_01_0705,Q_BIG,07:21,9,
SEKT13_GRN_01_0705,GREENWICH_PARK,07:23,10,
SEKT13_GRN_02_0735,HALTE_SEKTOR_1_3,07:35,1,
SEKT13_GRN_02_0735,GREEN_COVE,07:36,2,
SEKT13_GRN_02_0735,THE_BREEZE,07:39,3,
SEKT13_GRN_02_0735,CBD_TIMUR_2,07:41,4,
SEKT13_GRN_02_0735,NAVAPARK_1,07:43,5,
SEKT13_GRN_02_0735,FORRESTA_2,07:44,6,
SEKT13_GRN_02_0735,FBL_2,07:46,7,
SEKT13_GRN_02_0735,BCA,07:47,8,
SEKT13_GRN_02_0735,Q_BIG,07:51,9,
SEKT13_GRN_02_0735,GREENWICH_PARK,07:53,10,
SEKT13_GRN_03_0915,HALTE_SEKTOR_1_3,09:15,1,
SEKT13_GRN_03_0915,GREEN_COVE,09:16,2,
SEKT13_GRN_03_0915,THE_BREEZE,09:19,3,
SEKT13_GRN_03_0915,CBD_TIMUR_2,09:21,4,
SEKT13_GRN_03_0915,NAVAPARK_1,09:23,5,
SEKT13_GRN_03_0915,FORRESTA_2,09:24,6,
SEKT13_GRN_03_0915,FBL_2,09:26,7,
SEKT13_GRN_03_0915,BCA,09:27,8,
SEKT13_GRN_03_0915,Q_BIG,09:31,9,
SEKT13_GRN_03_0915,GREENWICH_PARK,09:33,10,
SEKT13_GRN_04_0945,HALTE_SEKTOR_1_3,09:45,1,
SEKT13_GRN_04_0945,GREEN_COVE,09:46,2,
SEKT13_GRN_04_0945,THE_BREEZE,09:49,3,
SEKT13_GRN_04_0945,CBD_TIMUR_2,09:51,4,
SEKT13_GRN_04_0945,NAVAPARK_1,09:53,5,
SEKT13_GRN_04_0945,FORRESTA_2,09:54,6,
SEKT13_GRN_04_0945,FBL_2,09:56,7,
SEKT13_GRN_04_0945,BCA,09:57,8,
SEKT13_GRN_04_0945,Q_BIG,10:01,9,
SEKT13_GRN_04_0945,GREENWICH_PARK,10:03,10,
SEKT13_GRN_05_1120,HALTE_SEKTOR_1_3,11:20,1,
SEKT13_GRN_05_1120,GREEN_COVE,11:21,2,
SEKT13_GRN_05_1120,THE_BREEZE,11:24,3,
SEKT13_GRN_05_1120,CBD_TIMUR_2,11:26,4,
SEKT13_GRN_05_1120,NAVAPARK_1,11:28,5,
SEKT13_GRN_05_1120,FORRESTA_2,11:29,6,
SEKT13_GRN_05_1120,FBL_2,11:31,7,
SEKT13_GRN_05_1120,BCA,11:32,8,
SEKT13_GRN_05_1120,Q_BIG,11:36,9,
SEKT13_GRN_05_1120,GREENWICH_PARK,11:38,10,
SEKT13_GRN_06_1150,HALTE_SEKTOR_1_3,11:50,1,
SEKT13_GRN_06_1150,GREEN_COVE,11:51,2,
SEKT13_GRN_06_1150,THE_BREEZE,11:54,3,
SEKT13_GRN_06_1150,CBD_TIMUR_2,11:56,4,
SEKT13_GRN_06_1150,NAVAPARK_1,11:58,5,
SEKT13_GRN_06_1150,FORRESTA_2,11:59,6,
SEKT13_GRN_06_1150,FBL_2,12:01,7,
SEKT13_GRN_06_1150,BCA,12:02,8,
SEKT13_GRN_06_1150,Q_BIG,12:06,9,
SEKT13_GRN_06_1150,GREENWICH_PARK,12:08,10,
SEKT13_GRN_07_1325,HALTE_SEKTOR_1_3,13:25,1,
SEKT13_GRN_07_1325,GREEN_COVE,13:26,2,
SEKT13_GRN_07_1325,THE_BREEZE,13:29,3,
SEKT13_GRN_07_1325,CBD_TIMUR_2,13:31,4,
SEKT13_GRN_07_1325,NAVAPARK_1,13:33,5,
SEKT13_GRN_07_1325,FORRESTA_2,13:34,6,
SEKT13_GRN_07_1325,FBL_2,13:36,7,
SEKT13_GRN_07_1325,BCA,13:37,8,
SEKT13_GRN_07_1325,Q_BIG,13:41,9,
SEKT13_GRN_07_1325,GREENWICH_PARK,13:43,10,
SEKT13_GRN_08_1355,HALTE_SEKTOR_1_3,13:55,1,
SEKT13_GRN_08_1355,GREEN_COVE,13:56,2,
SEKT13_GRN_08_1355,THE_BREEZE,13:59,3,
SEKT13_GRN_08_1355,CBD_TIMUR_2,14:01,4,
SEKT13_GRN_08_1355,NAVAPARK_1,14:03,5,
SEKT13_GRN_08_1355,FORRESTA_2,14:04,6,
SEKT13_GRN_08_1355,FBL_2,14:06,7,
SEKT13_GRN_08_1355,BCA,14:07,8,
SEKT13_GRN_08_1355,Q_BIG,14:11,9,
SEKT13_GRN_08_1355,GREENWICH_PARK,14:13,10,
SEKT13_GRN_09_1530,HALTE_SEKTOR_1_3,15:30,1,
SEKT13_GRN_09_1530,GREEN_COVE,15:31,2,
SEKT13_GRN_09_1530,THE_BREEZE,15:34,3,
SEKT13_GRN_09_1530,CBD_TIMUR_2,15:36,4,
SEKT13_GRN_09_1530,NAVAPARK_1,15:38,5,
SEKT13_GRN_09_1530,FORRESTA_2,15:39,6,
SEKT13_GRN_09_1530,FBL_2,15:41,7,
SEKT13_GRN_09_1530,BCA,15:42,8,
SEKT13_GRN_09_1530,Q_BIG,15:46,9,
SEKT13_GRN_09_1530,GREENWICH_PARK,15:48,10,
SEKT13_GRN_10_1600,HALTE_SEKTOR_1_3,16:00,1,
SEKT13_GRN_10_1600,GREEN_COVE,16:01,2,
SEKT13_GRN_10_1600,THE_BREEZE,16:04,3,
SEKT13_GRN_10_1600,CBD_TIMUR_2,16:06,4,
SEKT13_GRN_10_1600,NAVAPARK_1,16:08,5,
SEKT13_GRN_10_1600,FORRESTA_2,16:09,6,
SEKT13_GRN_10_1600,FBL_2,16:11,7,
SEKT13_GRN_10_1600,BCA,16:12,8,
SEKT13_GRN_10_1600,Q_BIG,16:16,9,
SEKT13_GRN_10_1600,GREENWICH_PARK,16:18,10,
SEKT13_GRN_11_1725,HALTE_SEKTOR_1_3,17:25,1,
SEKT13_GRN_11_1725,GREEN_COVE,17:26,2,
SEKT13_GRN_11_1725,THE_BREEZE,17:29,3,
SEKT13_GRN_11_1725,CBD_TIMUR_2,17:31,4,
SEKT13_GRN_11_1725,NAVAPARK_1,17:33,5,
SEKT13_GRN_11_1725,FORRESTA_2,17:34,6,
SEKT13_GRN_11_1725,FBL_2,17:36,7,
SEKT13_GRN_11_1725,BCA,17:37,8,
SEKT13_GRN_11_1725,Q_BIG,17:41,9,
SEKT13_GRN_11_1725,GREENWICH_PARK,17:43,10,
SEKT13_GRN_12_1805,HALTE_SEKTOR_1_3,18:05,1,
SEKT13_GRN_12_1805,GREEN_COVE,18:06,2,
SEKT13_GRN_12_1805,THE_BREEZE,18:09,3,
SEKT13_GRN_12_1805,CBD_TIMUR_2,18:11,4,
SEKT13_GRN_12_1805,NAVAPARK_1,18:13,5,
SEKT13_GRN_12_1805,FORRESTA_2,18:14,6,
SEKT13_GRN_12_1805,FBL_2,18:16,7,
SEKT13_GRN_12_1805,BCA,18:17,8,
SEKT13_GRN_12_1805,Q_BIG,18:21,9,
SEKT13_GRN_12_1805,GREENWICH_PARK,18:23,10,
SEKT13_GRN_13_1930,HALTE_SEKTOR_1_3,19:30,1,
SEKT13_GRN_13_1930,GREEN_COVE,19:31,2,
SEKT13_GRN_13_1930,THE_BREEZE,19:34,3,
SEKT13_GRN_13_1930,CBD_TIMUR_2,19:36,4,
SEKT13_GRN_13_1930,NAVAPARK_1,19:38,5,
SEKT13_GRN_13_1930,FORRESTA_2,19:39,6,
SEKT13_GRN_13_1930,FBL_2,19:41,7,
SEKT13_GRN_13_1930,BCA,19:42,8,
SEKT13_GRN_13_1930,Q_BIG,19:46,9,
SEKT13_GRN_13_1930,GREENWICH_PARK,19:48,10,
INT_DEPARK_R1_01_0600,PASAR_MODERN,06:00,1,
INT_DEPARK_R1_01_0600,SIMPLICITY_1,06:03,2,
INT_DEPARK_R1_01_0600,ELDORADO_1,06:05,3,
INT_DEPARK_R1_01_0600,ICE_1,06:09,4,
INT_DEPARK_R1_01_0600,ICE_2,06:10,5,
INT_DEPARK_R1_01_0600,GREENWICH_PARK,06:15,6,
INT_DEPARK_R1_01_0600,NAVAPARK_1,06:18,7,
INT_DEPARK_R1_01_0600,THE_BREEZE,06:20,8,
INT_DEPARK_R1_01_0600,SML_PLAZA,06:21,9,
INT_DEPARK_R1_01_0600,CASA_DE_PARCO_1,06:23,10,
INT_DEPARK_R1_01_0600,DIGITAL_HUB_1,06:24,11,
INT_DEPARK_R1_01_0600,DE_PARK_LOBBY,06:26,12,
INT_DEPARK_R1_02_0700,PASAR_MODERN,07:00,1,
INT_DEPARK_R1_02_0700,SIMPLICITY_1,07:03,2,
INT_DEPARK_R1_02_0700,ELDORADO_1,07:05,3,
INT_DEPARK_R1_02_0700,ICE_1,07:09,4,
INT_DEPARK_R1_02_0700,ICE_2,07:10,5,
INT_DEPARK_R1_02_0700,GREENWICH_PARK,07:15,6,
INT_DEPARK_R1_02_0700,NAVAPARK_1,07:18,7,
INT_DEPARK_R1_02_0700,THE_BREEZE,07:20,8,
INT_DEPARK_R1_02_0700,SML_PLAZA,07:21,9,
INT_DEPARK_R1_02_0700,CASA_DE_PARCO_1,07:23,10,
INT_DEPARK_R1_02_0700,DIGITAL_HUB_1,07:24,11,
INT_DEPARK_R1_02_0700,DE_PARK_LOBBY,07:26,12,
INT_DEPARK_R1_03_0800,PASAR_MODERN,08:00,1,
INT_DEPARK_R1_03_0800,SIMPLICITY_1,08:03,2,
INT_DEPARK_R1_03_0800,ELDORADO_1,08:05,3,
INT_DEPARK_R1_03_0800,ICE_1,08:09,4,
INT_DEPARK_R1_03_0800,ICE_2,08:10,5,
INT_DEPARK_R1_03_0800,GREENWICH_PARK,08:15,6,
INT_DEPARK_R1_03_0800,NAVAPARK_1,08:18,7,
INT_DEPARK_R1_03_0800,THE_BREEZE,08:20,8,
INT_DEPARK_R1_03_0800,SML_PLAZA,08:21,9,
INT_DEPARK_R1_03_0800,CASA_DE_PARCO_1,08:23,10,
INT_DEPARK_R1_03_0800,DIGITAL_HUB_1,08:24,11,
INT_DEPARK_R1_03_0800,DE_PARK_LOBBY,08:26,12,
INT_DEPARK_R1_04_0900,PASAR_MODERN,09:00,1,
INT_DEPARK_R1_04_0900,SIMPLICITY_1,09:03,2,
INT_DEPARK_R1_04_0900,ELDORADO_1,09:05,3,
INT_DEPARK_R1_04_0900,ICE_1,09:09,4,
INT_DEPARK_R1_04_0900,ICE_2,09:10,5,
INT_DEPARK_R1_04_0900,GREENWICH_PARK,09:15,6,
INT_DEPARK_R1_04_0900,NAVAPARK_1,09:18,7,
INT_DEPARK_R1_04_0900,THE_BREEZE,09:20,8,
INT_DEPARK_R1_04_0900,SML_PLAZA,09:21,9,
INT_DEPARK_R1_04_0900,CASA_DE_PARCO_1,09:23,10,
INT_DEPARK_R1_04_0900,DIGITAL_HUB_1,09:24,11,
INT_DEPARK_R1_04_0900,DE_PARK_LOBBY,09:26,12,
INT_DEPARK_R1_05_1000,PASAR_MODERN,10:00,1,
INT_DEPARK_R1_05_1000,SIMPLICITY_1,10:03,2,
INT_DEPARK_R1_05_1000,ELDORADO_1,10:05,3,
INT_DEPARK_R1_05_1000,ICE_1,10:09,4,
INT_DEPARK_R1_05_1000,ICE_2,10:10,5,
INT_DEPARK_R1_05_1000,GREENWICH_PARK,10:15,6,
INT_DEPARK_R1_05_1000,NAVAPARK_1,10:18,7,
INT_DEPARK_R1_05_1000,THE_BREEZE,10:20,8,
INT_DEPARK_R1_05_1000,SML_PLAZA,10:21,9,
INT_DEPARK_R1_05_1000,CASA_DE_PARCO_1,10:23,10,
INT_DEPARK_R1_05_1000,DIGITAL_HUB_1,10:24,11,
INT_DEPARK_R1_05_1000,DE_PARK_LOBBY,10:26,12,
INT_DEPARK_R1_06_1100,PASAR_MODERN,11:00,1,
INT_DEPARK_R1_06_1100,SIMPLICITY_1,11:03,2,
INT_DEPARK_R1_06_1100,ELDORADO_1,11:05,3,
INT_DEPARK_R1_06_1100,ICE_1,11:09,4,
INT_DEPARK_R1_06_1100,ICE_2,11:10,5,
INT_DEPARK_R1_06_1100,GREENWICH_PARK,11:15,6,
INT_DEPARK_R1_06_1100,NAVAPARK_1,11:18,7,
INT_DEPARK_R1_06_1100,THE_BREEZE,11:20,8,
INT_DEPARK_R1_06_1100,SML_PLAZA,11:21,9,
INT_DEPARK_R1_06_1100,CASA_DE_PARCO_1,11:23,10,
INT_DEPARK_R1_06_1100,DIGITAL_HUB_1,11:24,11,
INT_DEPARK_R1_06_1100,DE_PARK_LOBBY,11:26,12,
INT_DEPARK_R1_07_1200,PASAR_MODERN,12:00,1,
INT_DEPARK_R1_07_1200,SIMPLICITY_1,12:03,2,
INT_DEPARK_R1_07_1200,ELDORADO_1,12:05,3,
INT_DEPARK_R1_07_1200,ICE_1,12:09,4,
INT_DEPARK_R1_07_1200,ICE_2,12:10,5,
INT_DEPARK_R1_07_1200,GREENWICH_PARK,12:15,6,
INT_DEPARK_R1_07_1200,NAVAPARK_1,12:18,7,
INT_DEPARK_R1_07_1200,THE_BREEZE,12:20,8,
INT_DEPARK_R1_07_1200,SML_PLAZA,12:21,9,
INT_DEPARK_R1_07_1200,CASA_DE_PARCO_1,12:23,10,
INT_DEPARK_R1_07_1200,DIGITAL_HUB_1,12:24,11,
INT_DEPARK_R1_07_1200,DE_PARK_LOBBY,12:26,12,
INT_DEPARK_R1_08_1300,PASAR_MODERN,13:00,1,
INT_DEPARK_R1_08_1300,SIMPLICITY_1,13:03,2,
INT_DEPARK_R1_08_1300,ELDORADO_1,13:05,3,
INT_DEPARK_R1_08_1300,ICE_1,13:09,4,
INT_DEPARK_R1_08_1300,ICE_2,13:10,5,
INT_DEPARK_R1_08_1300,GREENWICH_PARK,13:15,6,
INT_DEPARK_R1_08_1300,NAVAPARK_1,13:18,7,
INT_DEPARK_R1_08_1300,THE_BREEZE,13:20,8,
INT_DEPARK_R1_08_1300,SML_PLAZA,13:21,9,
INT_DEPARK_R1_08_1300,CASA_DE_PARCO_1,13:23,10,
INT_DEPARK_R1_08_1300,DIGITAL_HUB_1,13:24,11,
INT_DEPARK_R1_08_1300,DE_PARK_LOBBY,13:26,12,
INT_DEPARK_R1_09_1400,PASAR_MODERN,14:00,1,
INT_DEPARK_R1_09_1400,SIMPLICITY_1,14:03,2,
INT_DEPARK_R1_09_1400,ELDORADO_1,14:05,3,
INT_DEPARK_R1_09_1400,ICE_1,14:09,4,
INT_DEPARK_R1_09_1400,ICE_2,14:10,5,
INT_DEPARK_R1_09_1400,GREENWICH_PARK,14:15,6,
INT_DEPARK_R1_09_1400,NAVAPARK_1,14:18,7,
INT_DEPARK_R1_09_1400,THE_BREEZE,14:20,8,
INT_DEPARK_R1_09_1400,SML_PLAZA,14:21,9,
INT_DEPARK_R1_09_1400,CASA_DE_PARCO_1,14:23,10,
INT_DEPARK_R1_09_1400,DIGITAL_HUB_1,14:24,11,
INT_DEPARK_R1_09_1400,DE_PARK_LOBBY,14:26,12,
INT_DEPARK_R1_10_1500,PASAR_MODERN,15:00,1,
INT_DEPARK_R1_10_1500,SIMPLICITY_1,15:03,2,
INT_DEPARK_R1_10_1500,ELDORADO_1,15:05,3,
INT_DEPARK_R1_10_1500,ICE_1,15:09,4,
INT_DEPARK_R1_10_1500,ICE_2,15:10,5,
INT_DEPARK_R1_10_1500,GREENWICH_PARK,15:15,6,
INT_DEPARK_R1_10_1500,NAVAPARK_1,15:18,7,
INT_DEPARK_R1_10_1500,THE_BREEZE,15:20,8,
INT_DEPARK_R1_10_1500,SML_PLAZA,15:21,9,
INT_DEPARK_R1_10_1500,CASA_DE_PARCO_1,15:23,10,
INT_DEPARK_R1_10_1500,DIGITAL_HUB_1,15:24,11,
INT_DEPARK_R1_10_1500,DE_PARK_LOBBY,15:26,12,
INT_DEPARK_R1_11_1600,PASAR_MODERN,16:00,1,
INT_DEPARK_R1_11_1600,SIMPLICITY_1,16:03,2,
INT_DEPARK_R1_11_1600,ELDORADO_1,16:05,3,
INT_DEPARK_R1_11_1600,ICE_1,16:09,4,
INT_DEPARK_R1_11_1600,ICE_2,16:10,5,
INT_DEPARK_R1_11_1600,GREENWICH_PARK,16:15,6,
INT_DEPARK_R1_11_1600,NAVAPARK_1,16:18,7,
INT_DEPARK_R1_11_1600,THE_BREEZE,16:20,8,
INT_DEPARK_R1_11_1600,SML_PLAZA,16:21,9,
INT_DEPARK_R1_11_1600,CASA_DE_PARCO_1,16:23,10,
INT_DEPARK_R1_11_1600,DIGITAL_HUB_1,16:24,11,
INT_DEPARK_R1_11_1600,DE_PARK_LOBBY,16:26,12,
INT_DEPARK_R1_12_1700,PASAR_MODERN,17:00,1,
INT_DEPARK_R1_12_1700,SIMPLICITY_1,17:03,2,
INT_DEPARK_R1_12_1700,ELDORADO_1,17:05,3,
INT_DEPARK_R1_12_1700,ICE_1,17:09,4,
INT_DEPARK_R1_12_1700,ICE_2,17:10,5,
INT_DEPARK_R1_12_1700,GREENWICH_PARK,17:15,6,
INT_DEPARK_R1_12_1700,NAVAPARK_1,17:18,7,
INT_DEPARK_R1_12_1700,THE_BREEZE,17:20,8,
INT_DEPARK_R1_12_1700,SML_PLAZA,17:21,9,
INT_DEPARK_R1_12_1700,CASA_DE_PARCO_1,17:23,10,
INT_DEPARK_R1_12_1700,DIGITAL_HUB_1,17:24,11,
INT_DEPARK_R1_12_1700,DE_PARK_LOBBY,17:26,12,
INT_DEPARK_R1_13_1800,PASAR_MODERN,18:00,1,
INT_DEPARK_R1_13_1800,SIMPLICITY_1,18:03,2,
INT_DEPARK_R1_13_1800,ELDORADO_1,18:05,3,
INT_DEPARK_R1_13_1800,ICE_1,18:09,4,
INT_DEPARK_R1_13_1800,ICE_2,18:10,5,
INT_DEPARK_R1_13_1800,GREENWICH_PARK,18:15,6,
INT_DEPARK_R1_13_1800,NAVAPARK_1,18:18,7,
INT_DEPARK_R1_13_1800,THE_BREEZE,18:20,8,
INT_DEPARK_R1_13_1800,SML_PLAZA,18:21,9,
INT_DEPARK_R1_13_1800,CASA_DE_PARCO_1,18:23,10,
INT_DEPARK_R1_13_1800,DIGITAL_HUB_1,18:24,11,
INT_DEPARK_R1_13_1800,DE_PARK_LOBBY,18:26,12,
INT_DEPARK_R1_14_1900,PASAR_MODERN,19:00,1,
INT_DEPARK_R1_14_1900,SIMPLICITY_1,19:03,2,
INT_DEPARK_R1_14_1900,ELDORADO_1,19:05,3,
INT_DEPARK_R1_14_1900,ICE_1,19:09,4,
INT_DEPARK_R1_14_1900,ICE_2,19:10,5,
INT_DEPARK_R1_14_1900,GREENWICH_PARK,19:15,6,
INT_DEPARK_R1_14_1900,NAVAPARK_1,19:18,7,
INT_DEPARK_R1_14_1900,THE_BREEZE,19:20,8,
INT_DEPARK_R1_14_1900,SML_PLAZA,19:21,9,
INT_DEPARK_R1_14_1900,CASA_DE_PARCO_1,19:23,10,
INT_DEPARK_R1_14_1900,DIGITAL_HUB_1,19:24,11,
INT_DEPARK_R1_14_1900,DE_PARK_LOBBY,19:26,12,
INT_DEPARK_R2_01_0620,PASAR_MODERN,06:20,1,
INT_DEPARK_R2_01_0620,SIMPLICITY_1,06:23,2,
INT_DEPARK_R2_01_0620,ICON,06:25,3,
INT_DEPARK_R2_01_0620,CBD_BARAT_1,06:27,4,
INT_DEPARK_R2_01_0620,AEON_MALL_1,06:29,5,
INT_DEPARK_R2_01_0620,CBD_TIMUR_1,06:31,6,
INT_DEPARK_R2_01_0620,ICE_1,06:36,7,
INT_DEPARK_R2_01_0620,GREENWICH_PARK,06:40,8,
INT_DEPARK_R2_01_0620,DE_MAJA,06:42,9,
INT_DEPARK_R2_01_0620,BCA,06:43,10,
INT_DEPARK_R2_01_0620,FBL_1,06:45,11,
INT_DEPARK_R2_01_0620,THE_BREEZE,06:48,12,
INT_DEPARK_R2_01_0620,DE_PARK_LOBBY,06:50,13,
INT_DEPARK_R2_02_0720,PASAR_MODERN,07:20,1,
INT_DEPARK_R2_02_0720,SIMPLICITY_1,07:23,2,
INT_DEPARK_R2_02_0720,ICON,07:25,3,
INT_DEPARK_R2_02_0720,CBD_BARAT_1,07:27,4,
INT_DEPARK_R2_02_0720,AEON_MALL_1,07:29,5,
INT_DEPARK_R2_02_0720,CBD_TIMUR_1,07:31,6,
INT_DEPARK_R2_02_0720,ICE_1,07:36,7,
INT_DEPARK_R2_02_0720,GREENWICH_PARK,07:40,8,
INT_DEPARK_R2_02_0720,DE_MAJA,07:42,9,
INT_DEPARK_R2_02_0720,BCA,07:43,10,
INT_DEPARK_R2_02_0720,FBL_1,07:45,11,
INT_DEPARK_R2_02_0720,THE_BREEZE,07:48,12,
INT_DEPARK_R2_02_0720,DE_PARK_LOBBY,07:50,13,
INT_DEPARK_R2_03_0820,PASAR_MODERN,08:20,1,
INT_DEPARK_R2_03_0820,SIMPLICITY_1,08:23,2,
INT_DEPARK_R2_03_0820,ICON,08:25,3,
INT_DEPARK_R2_03_0820,CBD_BARAT_1,08:27,4,
INT_DEPARK_R2_03_0820,AEON_MALL_1,08:29,5,
INT_DEPARK_R2_03_0820,CBD_TIMUR_1,08:31,6,
INT_DEPARK_R2_03_0820,ICE_1,08:36,7,
INT_DEPARK_R2_03_0820,GREENWICH_PARK,08:40,8,
INT_DEPARK_R2_03_0820,DE_MAJA,08:42,9,
INT_DEPARK_R2_03_0820,BCA,08:43,10,
INT_DEPARK_R2_03_0820,FBL_1,08:45,11,
INT_DEPARK_R2_03_0820,THE_BREEZE,08:48,12,
INT_DEPARK_R2_03_0820,DE_PARK_LOBBY,08:50,13,
INT_DEPARK_R2_04_0920,PASAR_MODERN,09:20,1,
INT_DEPARK_R2_04_0920,SIMPLICITY_1,09:23,2,
INT_DEPARK_R2_04_0920,ICON,09:25,3,
INT_DEPARK_R2_04_0920,CBD_BARAT_1,09:27,4,
INT_DEPARK_R2_04_0920,AEON_MALL_1,09:29,5,
INT_DEPARK_R2_04_0920,CBD_TIMUR_1,09:31,6,
INT_DEPARK_R2_04_0920,ICE_1,09:36,7,
INT_DEPARK_R2_04_0920,GREENWICH_PARK,09:40,8,
INT_DEPARK_R2_04_0920,DE_MAJA,09:42,9,
INT_DEPARK_R2_04_0920,BCA,09:43,10,
INT_DEPARK_R2_04_0920,FBL_1,09:45,11,
INT_DEPARK_R2_04_0920,THE_BREEZE,09:48,12,
INT_DEPARK_R2_04_0920,DE_PARK_LOBBY,09:50,13,
INT_DEPARK_R2_05_1020,PASAR_MODERN,10:20,1,
INT_DEPARK_R2_05_1020,SIMPLICITY_1,10:23,2,
INT_DEPARK_R2_05_1020,ICON,10:25,3,
INT_DEPARK_R2_05_1020,CBD_BARAT_1,10:27,4,
INT_DEPARK_R2_05_1020,AEON_MALL_1,10:29,5,
INT_DEPARK_R2_05_1020,CBD_TIMUR_1,10:31,6,
INT_DEPARK_R2_05_1020,ICE_1,10:36,7,
INT_DEPARK_R2_05_1020,GREENWICH_PARK,10:40,8,
INT_DEPARK_R2_05_1020,DE_MAJA,10:42,9,
INT_DEPARK_R2_05_1020,BCA,10:43,10,
INT_DEPARK_R2_05_1020,FBL_1,10:45,11,
INT_DEPARK_R2_05_1020,THE_BREEZE,10:48,12,
INT_DEPARK_R2_05_1020,DE_PARK_LOBBY,10:50,13,
INT_DEPARK_R2_06_1120,PASAR_MODERN,11:20,1,
INT_DEPARK_R2_06_1120,SIMPLICITY_1,11:23,2,
INT_DEPARK_R2_06_1120,ICON,11:25,3,
INT_DEPARK_R2_06_1120,CBD_BARAT_1,11:27,4,
INT_DEPARK_R2_06_1120,AEON_MALL_1,11:29,5,
INT_DEPARK_R2_06_1120,CBD_TIMUR_1,11:31,6,
INT_DEPARK_R2_06_1120,ICE_1,11:36,7,
INT_DEPARK_R2_06_1120,GREENWICH_PARK,11:40,8,
INT_DEPARK_R2_06_1120,DE_MAJA,11:42,9,
INT_DEPARK_R2_06_1120,BCA,11:43,10,
INT_DEPARK_R2_06_1120,FBL_1,11:45,11,
INT_DEPARK_R2_06_1120,THE_BREEZE,11:48,12,
INT_DEPARK_R2_06_1120,DE_PARK_LOBBY,11:50,13,
INT_DEPARK_R2_07_1220,PASAR_MODERN,12:20,1,
INT_DEPARK_R2_07_1220,SIMPLICITY_1,12:23,2,
INT_DEPARK_R2_07_1220,ICON,12:25,3,
INT_DEPARK_R2_07_1220,CBD_BARAT_1,12:27,4,
INT_DEPARK_R2_07_1220,AEON_MALL_1,12:29,5,
INT_DEPARK_R2_07_1220,CBD_TIMUR_1,12:31,6,
INT_DEPARK_R2_07_1220,ICE_1,12:36,7,
INT_DEPARK_R2_07_1220,GREENWICH_PARK,12:40,8,
INT_DEPARK_R2_07_1220,DE_MAJA,12:42,9,
INT_DEPARK_R2_07_1220,BCA,12:43,10,
INT_DEPARK_R2_07_1220,FBL_1,12:45,11,
INT_DEPARK_R2_07_1220,THE_BREEZE,12:48,12,
INT_DEPARK_R2_07_1220,DE_PARK_LOBBY,12:50,13,
INT_DEPARK_R2_08_1320,PASAR_MODERN,13:20,1,
INT_DEPARK_R2_08_1320,SIMPLICITY_1,13:23,2,
INT_DEPARK_R2_08_1320,ICON,13:25,3,
INT_DEPARK_R2_08_1320,CBD_BARAT_1,13:27,4,
INT_DEPARK_R2_08_1320,AEON_MALL_1,13:29,5,
INT_DEPARK_R2_08_1320,CBD_TIMUR_1,13:31,6,
INT_DEPARK_R2_08_1320,ICE_1,13:36,7,
INT_DEPARK_R2_08_1320,GREENWICH_PARK,13:40,8,
INT_DEPARK_R2_08_1320,DE_MAJA,13:42,9,
INT_DEPARK_R2_08_1320,BCA,13:43,10,
INT_DEPARK_R2_08_1320,FBL_1,13:45,11,
INT_DEPARK_R2_08_1320,THE_BREEZE,13:48,12,
INT_DEPARK_R2_08_1320,DE_PARK_LOBBY,13:50,13,
INT_DEPARK_R2_09_1420,PASAR_MODERN,14:20,1,
INT_DEPARK_R2_09_1420,SIMPLICITY_1,14:23,2,
INT_DEPARK_R2_09_1420,ICON,14:25,3,
INT_DEPARK_R2_09_1420,CBD_BARAT_1,14:27,4,
INT_DEPARK_R2_09_1420,AEON_MALL_1,14:29,5,
INT_DEPARK_R2_09_1420,CBD_TIMUR_1,14:31,6,
INT_DEPARK_R2_09_1420,ICE_1,14:36,7,
INT_DEPARK_R2_09_1420,GREENWICH_PARK,14:40,8,
INT_DEPARK_R2_09_1420,DE_MAJA,14:42,9,
INT_DEPARK_R2_09_1420,BCA,14:43,10,
INT_DEPARK_R2_09_1420,FBL_1,14:45,11,
INT_DEPARK_R2_09_1420,THE_BREEZE,14:48,12,
INT_DEPARK_R2_09_1420,DE_PARK_LOBBY,14:50,13,
INT_DEPARK_R2_10_1520,PASAR_MODERN,15:20,1,
INT_DEPARK_R2_10_1520,SIMPLICITY_1,15:23,2,
INT_DEPARK_R2_10_1520,ICON,15:25,3,
INT_DEPARK_R2_10_1520,CBD_BARAT_1,15:27,4,
INT_DEPARK_R2_10_1520,AEON_MALL_1,15:29,5,
INT_DEPARK_R2_10_1520,CBD_TIMUR_1,15:31,6,
INT_DEPARK_R2_10_1520,ICE_1,15:36,7,
INT_DEPARK_R2_10_1520,GREENWICH_PARK,15:40,8,
INT_DEPARK_R2_10_1520,DE_MAJA,15:42,9,
INT_DEPARK_R2_10_1520,BCA,15:43,10,
INT_DEPARK_R2_10_1520,FBL_1,15:45,11,
INT_DEPARK_R2_10_1520,THE_BREEZE,15:48,12,
INT_DEPARK_R2_10_1520,DE_PARK_LOBBY,15:50,13,
INT_DEPARK_R2_11_1620,PASAR_MODERN,16:20,1,
INT_DEPARK_R2_11_1620,SIMPLICITY_1,16:23,2,
INT_DEPARK_R2_11_1620,ICON,16:25,3,
INT_DEPARK_R2_11_1620,CBD_BARAT_1,16:27,4,
INT_DEPARK_R2_11_1620,AEON_MALL_1,16:29,5,
INT_DEPARK_R2_11_1620,CBD_TIMUR_1,16:31,6,
INT_DEPARK_R2_11_1620,ICE_1,16:36,7,
INT_DEPARK_R2_11_1620,GREENWICH_PARK,16:40,8,
INT_DEPARK_R2_11_1620,DE_MAJA,16:42,9,
INT_DEPARK_R2_11_1620,BCA,16:43,10,
INT_DEPARK_R2_11_1620,FBL_1,16:45,11,
INT_DEPARK_R2_11_1620,THE_BREEZE,16:48,12,
INT_DEPARK_R2_11_1620,DE_PARK_LOBBY,16:50,13,
INT_DEPARK_R2_12_1720,PASAR_MODERN,17:20,1,
INT_DEPARK_R2_12_1720,SIMPLICITY_1,17:23,2,
INT_DEPARK_R2_12_1720,ICON,17:25,3,
INT_DEPARK_R2_12_1720,CBD_BARAT_1,17:27,4,
INT_DEPARK_R2_12_1720,AEON_MALL_1,17:29,5,
INT_DEPARK_R2_12_1720,CBD_TIMUR_1,17:31,6,
INT_DEPARK_R2_12_1720,ICE_1,17:36,7,
INT_DEPARK_R2_12_1720,GREENWICH_PARK,17:40,8,
INT_DEPARK_R2_12_1720,DE_MAJA,17:42,9,
INT_DEPARK_R2_12_1720,BCA,17:43,10,
INT_DEPARK_R2_12_1720,FBL_1,17:45,11,
INT_DEPARK_R2_12_1720,THE_BREEZE,17:48,12,
INT_DEPARK_R2_12_1720,DE_PARK_LOBBY,17:50,13,
INT_DEPARK_R2_13_1820,PASAR_MODERN,18:20,1,
INT_DEPARK_R2_13_1820,SIMPLICITY_1,18:23,2,
INT_DEPARK_R2_13_1820,ICON,18:25,3,
INT_DEPARK_R2_13_1820,CBD_BARAT_1,18:27,4,
INT_DEPARK_R2_13_1820,AEON_MALL_1,18:29,5,
INT_DEPARK_R2_13_1820,CBD_TIMUR_1,18:31,6,
INT_DEPARK_R2_13_1820,ICE_1,18:36,7,
INT_DEPARK_R2_13_1820,GREENWICH_PARK,18:40,8,
INT_DEPARK_R2_13_1820,DE_MAJA,18:42,9,
INT_DEPARK_R2_13_1820,BCA,18:43,10,
INT_DEPARK_R2_13_1820,FBL_1,18:45,11,
INT_DEPARK_R2_13_1820,THE_BREEZE,18:48,12,
INT_DEPARK_R2_13_1820,DE_PARK_LOBBY,18:50,13,
INT_DEPARK_R2_14_1920,PASAR_MODERN,19:20,1,
INT_DEPARK_R2_14_1920,SIMPLICITY_1,19:23,2,
INT_DEPARK_R2_14_1920,ICON,19:25,3,
INT_DEPARK_R2_14_1920,CBD_BARAT_1,19:27,4,
INT_DEPARK_R2_14_1920,AEON_MALL_1,19:29,5,
INT_DEPARK_R2_14_1920,CBD_TIMUR_1,19:31,6,
INT_DEPARK_R2_14_1920,ICE_1,19:36,7,
INT_DEPARK_R2_14_1920,GREENWICH_PARK,19:40,8,
INT_DEPARK_R2_14_1920,DE_MAJA,19:42,9,
INT_DEPARK_R2_14_1920,BCA,19:43,10,
INT_DEPARK_R2_14_1920,FBL_1,19:45,11,
INT_DEPARK_R2_14_1920,THE_BREEZE,19:48,12,
INT_DEPARK_R2_14_1920,DE_PARK_LOBBY,19:50,13,
INT_BREEZE_INT_01_0630,PASAR_MODERN,06:30,1,
INT_BREEZE_INT_01_0630,ELDORADO_1,06:34,2,
INT_BREEZE_INT_01_0630,ICE_1,06:39,3,
INT_BREEZE_INT_01_0630,ICE_2,06:40,4,
INT_BREEZE_INT_01_0630,Q_BIG,06:43,5,
INT_BREEZE_INT_01_0630,BCA,06:44,6,
INT_BREEZE_INT_01_0630,FBL_2,06:46,7,
INT_BREEZE_INT_01_0630,THE_BREEZE,06:50,8,
INT_BREEZE_INT_01_0630,SML_PLAZA,06:51,9,
INT_BREEZE_INT_01_0630,GOP_1,06:52,10,
INT_BREEZE_INT_01_0630,CBD_TIMUR_2,06:54,11,
INT_BREEZE_INT_01_0630,AEON_MALL_2,06:56,12,
INT_BREEZE_INT_01_0630,SIMPLICITY_1,06:59,13,
INT_BREEZE_INT_02_0700,PASAR_MODERN,07:00,1,
INT_BREEZE_INT_02_0700,ELDORADO_1,07:04,2,
INT_BREEZE_INT_02_0700,ICE_1,07:09,3,
INT_BREEZE_INT_02_0700,ICE_2,07:10,4,
INT_BREEZE_INT_02_0700,Q_BIG,07:13,5,
INT_BREEZE_INT_02_0700,BCA,07:14,6,
INT_BREEZE_INT_02_0700,FBL_2,07:16,7,
INT_BREEZE_INT_02_0700,THE_BREEZE,07:20,8,
INT_BREEZE_INT_02_0700,SML_PLAZA,07:21,9,
INT_BREEZE_INT_02_0700,GOP_1,07:22,10,
INT_BREEZE_INT_02_0700,CBD_TIMUR_2,07:24,11,
INT_BREEZE_INT_02_0700,AEON_MALL_2,07:26,12,
INT_BREEZE_INT_02_0700,SIMPLICITY_1,07:29,13,
INT_BREEZE_INT_03_0800,PASAR_MODERN,08:00,1,
INT_BREEZE_INT_03_0800,ELDORADO_1,08:04,2,
INT_BREEZE_INT_03_0800,ICE_1,08:09,3,
INT_BREEZE_INT_03_0800,ICE_2,08:10,4,
INT_BREEZE_INT_03_0800,Q_BIG,08:13,5,
INT_BREEZE_INT_03_0800,BCA,08:14,6,
INT_BREEZE_INT_03_0800,FBL_2,08:16,7,
INT_BREEZE_INT_03_0800,THE_BREEZE,08:20,8,
INT_BREEZE_INT_03_0800,SML_PLAZA,08:21,9,
INT_BREEZE_INT_03_0800,GOP_1,08:22,10,
INT_BREEZE_INT_03_0800,CBD_TIMUR_2,08:24,11,
INT_BREEZE_INT_03_0800,AEON_MALL_2,08:26,12,
INT_BREEZE_INT_03_0800,SIMPLICITY_1,08:29,13,
INT_BREEZE_INT_04_0900,PASAR_MODERN,09:00,1,
INT_BREEZE_INT_04_0900,ELDORADO_1,09:04,2,
INT_BREEZE_INT_04_0900,ICE_1,09:09,3,
INT_BREEZE_INT_04_0900,ICE_2,09:10,4,
INT_BREEZE_INT_04_0900,Q_BIG,09:13,5,
INT_BREEZE_INT_04_0900,BCA,09:14,6,
INT_BREEZE_INT_04_0900,FBL_2,09:16,7,
INT_BREEZE_INT_04_0900,THE_BREEZE,09:20,8,
INT_BREEZE_INT_04_0900,SML_PLAZA,09:21,9,
INT_BREEZE_INT_04_0900,GOP_1,09:22,10,
INT_BREEZE_INT_04_0900,CBD_TIMUR_2,09:24,11,
INT_BREEZE_INT_04_0900,AEON_MALL_2,09:26,12,
INT_BREEZE_INT_04_0900,SIMPLICITY_1,09:29,13,
INT_BREEZE_INT_05_1000,PASAR_MODERN,10:00,1,
INT_BREEZE_INT_05_1000,ELDORADO_1,10:04,2,
INT_BREEZE_INT_05_1000,ICE_1,10:09,3,
INT_BREEZE_INT_05_1000,ICE_2,10:10,4,
INT_BREEZE_INT_05_1000,Q_BIG,10:13,5,
INT_BREEZE_INT_05_1000,BCA,10:14,6,
INT_BREEZE_INT_05_1000,FBL_2,10:16,7,
INT_BREEZE_INT_05_1000,THE_BREEZE,10:20,8,
INT_BREEZE_INT_05_1000,SML_PLAZA,10:21,9,
INT_BREEZE_INT_05_1000,GOP_1,10:22,10,
INT_BREEZE_INT_05_1000,CBD_TIMUR_2,10:24,11,
INT_BREEZE_INT_05_1000,AEON_MALL_2,10:26,12,
INT_BREEZE_INT_05_1000,SIMPLICITY_1,10:29,13,
INT_BREEZE_INT_06_1100,PASAR_MODERN,11:00,1,
INT_BREEZE_INT_06_1100,ELDORADO_1,11:04,2,
INT_BREEZE_INT_06_1100,ICE_1,11:09,3,
INT_BREEZE_INT_06_1100,ICE_2,11:10,4,
INT_BREEZE_INT_06_1100,Q_BIG,11:13,5,
INT_BREEZE_INT_06_1100,BCA,11:14,6,
INT_BREEZE_INT_06_1100,FBL_2,11:16,7,
INT_BREEZE_INT_06_1100,THE_BREEZE,11:20,8,
INT_BREEZE_INT_06_1100,SML_PLAZA,11:21,9,
INT_BREEZE_INT_06_1100,GOP_1,11:22,10,
INT_BREEZE_INT_06_1100,CBD_TIMUR_2,11:24,11,
INT_BREEZE_INT_06_1100,AEON_MALL_2,11:26,12,
INT_BREEZE_INT_06_1100,SIMPLICITY_1,11:29,13,
INT_BREEZE_INT_07_1200,PASAR_MODERN,12:00,1,
INT_BREEZE_INT_07_1200,ELDORADO_1,12:04,2,
INT_BREEZE_INT_07_1200,ICE_1,12:09,3,
INT_BREEZE_INT_07_1200,ICE_2,12:10,4,
INT_BREEZE_INT_07_1200,Q_BIG,12:13,5,
INT_BREEZE_INT_07_1200,BCA,12:14,6,
INT_BREEZE_INT_07_1200,FBL_2,12:16,7,
INT_BREEZE_INT_07_1200,THE_BREEZE,12:20,8,
INT_BREEZE_INT_07_1200,SML_PLAZA,12:21,9,
INT_BREEZE_INT_07_1200,GOP_1,12:22,10,
INT_BREEZE_INT_07_1200,CBD_TIMUR_2,12:24,11,
INT_BREEZE_INT_07_1200,AEON_MALL_2,12:26,12,
INT_BREEZE_INT_07_1200,SIMPLICITY_1,12:29,13,
INT_BREEZE_INT_08_1300,PASAR_MODERN,13:00,1,
INT_BREEZE_INT_08_1300,ELDORADO_1,13:04,2,
INT_BREEZE_INT_08_1300,ICE_1,13:09,3,
INT_BREEZE_INT_08_1300,ICE_2,13:10,4,
INT_BREEZE_INT_08_1300,Q_BIG,13:13,5,
INT_BREEZE_INT_08_1300,BCA,13:14,6,
INT_BREEZE_INT_08_1300,FBL_2,13:16,7,
INT_BREEZE_INT_08_1300,THE_BREEZE,13:20,8,
INT_BREEZE_INT_08_1300,SML_PLAZA,13:21,9,
INT_BREEZE_INT_08_1300,GOP_1,13:22,10,
INT_BREEZE_INT_08_1300,CBD_TIMUR_2,13:24,11,
INT_BREEZE_INT_08_1300,AEON_MALL_2,13:26,12,
INT_BREEZE_INT_08_1300,SIMPLICITY_1,13:29,13,
INT_BREEZE_INT_09_1400,PASAR_MODERN,14:00,1,
INT_BREEZE_INT_09_1400,ELDORADO_1,14:04,2,
INT_BREEZE_INT_09_1400,ICE_1,14:09,3,
INT_BREEZE_INT_09_1400,ICE_2,14:10,4,
INT_BREEZE_INT_09_1400,Q_BIG,14:13,5,
INT_BREEZE_INT_09_1400,BCA,14:14,6,
INT_BREEZE_INT_09_1400,FBL_2,14:16,7,
INT_BREEZE_INT_09_1400,THE_BREEZE,14:20,8,
INT_BREEZE_INT_09_1400,SML_PLAZA,14:21,9,
INT_BREEZE_INT_09_1400,GOP_1,14:22,10,
INT_BREEZE_INT_09_1400,CBD_TIMUR_2,14:24,11,
INT_BREEZE_INT_09_1400,AEON_MALL_2,14:26,12,
INT_BREEZE_INT_09_1400,SIMPLICITY_1,14:29,13,
INT_BREEZE_INT_10_1500,PASAR_MODERN,15:00,1,
INT_BREEZE_INT_10_1500,ELDORADO_1,15:04,2,
INT_BREEZE_INT_10_1500,ICE_1,15:09,3,
INT_BREEZE_INT_10_1500,ICE_2,15:10,4,
INT_BREEZE_INT_10_1500,Q_BIG,15:13,5,
INT_BREEZE_INT_10_1500,BCA,15:14,6,
INT_BREEZE_INT_10_1500,FBL_2,15:16,7,
INT_BREEZE_INT_10_1500,THE_BREEZE,15:20,8,
INT_BREEZE_INT_10_1500,SML_PLAZA,15:21,9,
INT_BREEZE_INT_10_1500,GOP_1,15:22,10,
INT_BREEZE_INT_10_1500,CBD_TIMUR_2,15:24,11,
INT_BREEZE_INT_10_1500,AEON_MALL_2,15:26,12,
INT_BREEZE_INT_10_1500,SIMPLICITY_1,15:29,13,
INT_BREEZE_INT_11_1600,PASAR_MODERN,16:00,1,
INT_BREEZE_INT_11_1600,ELDORADO_1,16:04,2,
INT_BREEZE_INT_11_1600,ICE_1,16:09,3,
INT_BREEZE_INT_11_1600,ICE_2,16:10,4,
INT_BREEZE_INT_11_1600,Q_BIG,16:13,5,
INT_BREEZE_INT_11_1600,BCA,16:14,6,
INT_BREEZE_INT_11_1600,FBL_2,16:16,7,
INT_BREEZE_INT_11_1600,THE_BREEZE,16:20,8,
INT_BREEZE_INT_11_1600,SML_PLAZA,16:21,9,
INT_BREEZE_INT_11_1600,GOP_1,16:22,10,
INT_BREEZE_INT_11_1600,CBD_TIMUR_2,16:24,11,
INT_BREEZE_INT_11_1600,AEON_MALL_2,16:26,12,
INT_BREEZE_INT_11_1600,SIMPLICITY_1,16:29,13,
INT_BREEZE_INT_12_1700,PASAR_MODERN,17:00,1,
INT_BREEZE_INT_12_1700,ELDORADO_1,17:04,2,
INT_BREEZE_INT_12_1700,ICE_1,17:09,3,
INT_BREEZE_INT_12_1700,ICE_2,17:10,4,
INT_BREEZE_INT_12_1700,Q_BIG,17:13,5,
INT_BREEZE_INT_12_1700,BCA,17:14,6,
INT_BREEZE_INT_12_1700,FBL_2,17:16,7,
INT_BREEZE_INT_12_1700,THE_BREEZE,17:20,8,
INT_BREEZE_INT_12_1700,SML_PLAZA,17:21,9,
INT_BREEZE_INT_12_1700,GOP_1,17:22,10,
INT_BREEZE_INT_12_1700,CBD_TIMUR_2,17:24,11,
INT_BREEZE_INT_12_1700,AEON_MALL_2,17:26,12,
INT_BREEZE_INT_12_1700,SIMPLICITY_1,17:29,13,
INT_BREEZE_INT_13_1800,PASAR_MODERN,18:00,1,
INT_BREEZE_INT_13_1800,ELDORADO_1,18:04,2,
INT_BREEZE_INT_13_1800,ICE_1,18:09,3,
INT_BREEZE_INT_13_1800,ICE_2,18:10,4,
INT_BREEZE_INT_13_1800,Q_BIG,18:13,5,
INT_BREEZE_INT_13_1800,BCA,18:14,6,
INT_BREEZE_INT_13_1800,FBL_2,18:16,7,
INT_BREEZE_INT_13_1800,THE_BREEZE,18:20,8,
INT_BREEZE_INT_13_1800,SML_PLAZA,18:21,9,
INT_BREEZE_INT_13_1800,GOP_1,18:22,10,
INT_BREEZE_INT_13_1800,CBD_TIMUR_2,18:24,11,
INT_BREEZE_INT_13_1800,AEON_MALL_2,18:26,12,
INT_BREEZE_INT_13_1800,SIMPLICITY_1,18:29,13,
INT_BREEZE_INT_14_1900,PASAR_MODERN,19:00,1,
INT_BREEZE_INT_14_1900,ELDORADO_1,19:04,2,
INT_BREEZE_INT_14_1900,ICE_1,19:09,3,
INT_BREEZE_INT_14_1900,ICE_2,19:10,4,
INT_BREEZE_INT_14_1900,Q_BIG,19:13,5,
INT_BREEZE_INT_14_1900,BCA,19:14,6,
INT_BREEZE_INT_14_1900,FBL_2,19:16,7,
INT_BREEZE_INT_14_1900,THE_BREEZE,19:20,8,
INT_BREEZE_INT_14_1900,SML_PLAZA,19:21,9,
INT_BREEZE_INT_14_1900,GOP_1,19:22,10,
INT_BREEZE_INT_14_1900,CBD_TIMUR_2,19:24,11,
INT_BREEZE_INT_14_1900,AEON_MALL_2,19:26,12,
INT_BREEZE_INT_14_1900,SIMPLICITY_1,19:29,13,
